Nome,Clube,Posição,Preço (C$),Pontos Média,Partidas,CA,DS,FC,FF,FS,I,SG,CV,PP,A,DE,GS,FD,PS,V,FT,G,PC,GC,DP
Matheus Pereira,CRU,Meia,16.18,4.05,2,1.0,3.0,2.0,1.0,9.0,1.0,,,,,,,,,,,,,,
Léo Ortiz,FLA,Zagueiro,4.9,2.37,3,,2.0,3.0,,,,1.0,,,,,,,,,,,,,
Calleri,SAO,Atacante,5.39,-3.0,2,,,2.0,2.0,,,,1.0,1.0,,,,,,,,,,,
Lucas Mugni,CEA,Meia,6.05,4.5,2,,2.0,2.0,2.0,,,,,,1.0,,,,,,,,,,
Weverton,PAL,Goleiro,8.73,7.23,3,1.0,,,,4.0,,2.0,,,,9.0,1.0,,,,,,,,
Wagner Leonardo,GRE,Zagueiro,7.05,1.77,3,1.0,5.0,4.0,,,,,,,,,,,,,,,,,
Matheuzinho,COR,Lateral,10.69,6.95,2,2.0,7.0,3.0,1.0,1.0,,1.0,,,,,,,,,,,,,
Juninho Capixaba,RBB,Lateral,9.57,9.07,3,,11.0,5.0,3.0,5.0,1.0,1.0,,,,,,2.0,,,,,,,
Wesley,INT,Atacante,13.33,6.97,3,,6.0,2.0,2.0,7.0,,,,,1.0,,,2.0,,,,,,,
Guilherme,SAN,Atacante,8.1,6.97,3,,9.0,3.0,5.0,4.0,1.0,,,,,,,2.0,,,,,,,
Rafael,SAO,Goleiro,11.83,7.4,3,,,,,3.0,,2.0,,,,9.0,1.0,,,,,,,,
Wendell,SAO,Lateral,10.45,5.03,3,,2.0,3.0,,6.0,,2.0,,,,,,,,,,,,,
Cédric Soares,SAO,Lateral,9.95,7.0,2,,2.0,,,2.0,,1.0,,,1.0,,,,,,,,,,
Lucho Rodríguez,BAH,Atacante,8.91,3.3,2,,2.0,2.0,1.0,2.0,,,,,,,,2.0,,,,,,,
Jandrei,SAO,Goleiro,5.0,0.0,0,,,,,,,,,,,,,,,,,,,,
Alisson,SAO,Meia,5.98,1.33,3,1.0,2.0,4.0,,4.0,,,,,,,,1.0,,,,,,,
Igor Vinícius,SAO,Lateral,8.07,6.7,1,,,1.0,1.0,,,1.0,,,,,,1.0,,,,,,,
Lucas Moura,SAO,Meia,5.0,0.0,0,,,,,,,,,,,,,,,,,,,,
Luciano,SAO,Atacante,8.79,1.97,3,,1.0,3.0,2.0,3.0,,,,,,,,1.0,1.0,,,,,,
Léo Condé,CEA,Técnico,6.84,6.36,3,,,,,,,,,,,,,,,1.0,,,,,
Alan Franco,SAO,Zagueiro,7.78,4.5,3,1.0,3.0,3.0,,2.0,1.0,2.0,,,,,,,,,,,,,
Luiz Gustavo,SAO,Meia,10.73,9.6,1,,4.0,4.0,1.0,2.0,,,,,,,,,,,1.0,,,,
Ferreira,SAO,Atacante,9.27,6.33,3,1.0,4.0,4.0,4.0,8.0,,,,,,,,,,,,1.0,,,
Erick,VIT,Atacante,6.07,4.6,3,,3.0,,1.0,7.0,,,,,1.0,,,,,,,,,,
Enzo Díaz,SAO,Lateral,8.48,5.8,3,1.0,5.0,3.0,1.0,2.0,,2.0,,,,,,,,,,,,,
Ruan,SAO,Zagueiro,6.48,3.5,2,,1.0,,,1.0,,1.0,,,,,,,,,,,,,
Luan Vinícius,SAO,Meia,5.0,0.0,0,,,,,,,,,,,,,,,,,,,,
Marcos Antônio,SAO,Meia,4.17,1.9,3,1.0,3.0,5.0,,5.0,,,,,,,,1.0,,,,,,,
Vinicius Lira,SAN,Lateral,3.0,0.0,0,,,,,,,,,,,,,,,,,,,,
Ferraresi,SAO,Zagueiro,8.76,10.5,1,,3.0,,,2.0,,1.0,,,,,,,,,,,,,
Sabino,SAO,Zagueiro,6.65,7.3,1,,,2.0,,1.0,,1.0,,,,,,2.0,,,,,,,
Young,SAO,Goleiro,2.0,0.0,0,,,,,,,,,,,,,,,,,,,,
Liziero,SAO,Meia,5.0,0.0,0,,,,,,,,,,,,,,,,,,,,
Felipe Negrucci,SAO,Meia,2.0,0.0,0,,,,,,,,,,,,,,,,,,,,
André Silva,SAO,Atacante,4.7,1.2,3,2.0,2.0,2.0,2.0,1.0,1.0,,,,,,,1.0,,,,,,,
Bobadilla,SAO,Meia,5.53,0.9,1,,1.0,2.0,,,,,,,,,,,,,,,,,
Lucas Lima,SPT,Meia,5.78,2.3,3,2.0,1.0,8.0,1.0,8.0,,,,,1.0,,,,,,,,,,
Patryck,SAO,Lateral,4.0,0.0,0,,,,,,,,,,,,,,,,,,,,
Pablo,SPT,Atacante,5.98,1.2,3,1.0,1.0,3.0,1.0,7.0,3.0,,,,,,,,,,,,,,
Rodriguinho,SAO,Meia,3.0,0.0,0,,,,,,,,,,,,,,,,,,,,
Caíque França,SPT,Goleiro,5.34,3.47,3,,,,,,,1.0,,,,8.0,5.0,,,,,,,,
Igor Cariús,SPT,Lateral,7.06,6.4,2,,4.0,2.0,,5.0,1.0,1.0,,,,,,,,,,,,,
Matheus Alexandre,SPT,Lateral,4.79,2.2,2,2.0,2.0,2.0,,,,1.0,,,,,,,,,,,1.0,,
Antônio Carlos,SPT,Zagueiro,4.0,0.0,0,,,,,,,,,,,,,,,,,,,,
Ryan Francisco,SAO,Atacante,2.47,0.5,2,,,,,2.0,,,,,,,,,,,,,,,
Rafael Thyere,SPT,Zagueiro,5.0,0.0,0,,,,,,,,,,,,,,,,,,,,
Pablo Maia,SAO,Meia,8.0,0.0,0,,,,,,,,,,,,,,,,,,,,
Romarinho,SPT,Atacante,3.47,0.0,1,,,,,,,,,,,,,,,,,,,,
Gonçalo Paciência,SPT,Atacante,8.0,0.0,0,,,,,,,,,,,,,,,,,,,,
Chrystian Barletta,SPT,Atacante,5.62,4.97,3,,1.0,3.0,2.0,1.0,,,,,,,,1.0,,,1.0,1.0,,,
Hyoran,SPT,Meia,5.0,0.0,0,,,,,,,,,,,,,,,,,,,,
Zé Roberto,SPT,Atacante,6.0,0.0,0,,,,,,,,,,,,,,,,,,,,
Chico,SPT,Zagueiro,6.07,4.5,3,1.0,6.0,1.0,1.0,2.0,,1.0,,,,,,,,,,,1.0,,
Dalbert,SPT,Lateral,3.0,0.0,0,,,,,,,,,,,,,,,,,,,,
Titi Ortíz,SPT,Meia,6.0,0.0,0,,,,,,,,,,,,,,,,,,,,
Pepa,SPT,Técnico,6.21,4.17,3,,,,,,,,,,,,,,,,,,,,
Lucas Cunha,SPT,Zagueiro,4.6,2.85,2,1.0,1.0,1.0,,1.0,,1.0,,,,,,,,,,,,,
Hereda,SPT,Lateral,4.23,3.9,3,,2.0,2.0,2.0,3.0,,1.0,,,,,,1.0,,,,,,,
Arthur Sousa,SPT,Atacante,2.12,0.3,3,,,2.0,,3.0,,,,,,,,,,,,,,,
Di Placido,SPT,Lateral,4.0,0.0,0,,,,,,,,,,,,,,,,,,,,
Lenny Lobato,SPT,Atacante,3.46,1.17,3,,1.0,2.0,2.0,2.0,,,,,,,,,,,,,,,
Gustavo Maia,SPT,Atacante,2.0,0.0,0,,,,,,,,,,,,,,,,,,,,
Thiago Couto,SPT,Goleiro,3.0,0.0,0,,,,,,,,,,,,,,,,,,,,
Zé Lucas,SPT,Meia,5.0,0.0,0,,,,,,,,,,,,,,,,,,,,
Thiago Maia,INT,Meia,4.3,-0.15,2,,,1.0,,,,,,,,,,,,,,,,,
Renzo,SPT,Zagueiro,3.0,0.0,0,,,,,,,,,,,,,,,,,,,,
Felipinho,SPT,Lateral,3.0,0.0,0,,,,,,,,,,,,,,,,,,,,
Souza,VAS,Zagueiro,4.0,0.0,0,,,,,,,,,,,,,,,,,,,,
Fábio Carille,VAS,Técnico,8.82,5.93,3,,,,,,,,,,,,,,,2.0,,,,,
Carlos Alberto,SPT,Atacante,3.87,0.6,2,,1.0,1.0,,,,,,,,,,,,,,,,,
Fabricio Domínguez,SPT,Meia,4.63,1.17,3,,1.0,1.0,1.0,3.0,,,,,,,,,,,,,,,
Breno,SPT,Meia,2.0,0.0,0,,,,,,,,,,,,,,,,,,,,
Mauricio Lemos,VAS,Zagueiro,5.43,1.5,1,,1.0,,,,,,,,,,,,,,,,,,
Micael,SPT,Atacante,1.0,0.0,0,,,,,,,,,,,,,,,,,,,,
Victor Luis,VAS,Lateral,4.0,0.0,0,,,,,,,,,,,,,,,,,,,,
Paulo Henrique,VAS,Lateral,13.0,13.7,2,,18.0,3.0,1.0,1.0,,,,,,,,,,,,,,,
Atencio,SPT,Meia,5.0,0.0,0,,,,,,,,,,,,,,,,,,,,
Jair,VAS,Meia,5.32,1.77,3,2.0,4.0,4.0,,5.0,,,,,,,,,,,,,,,
Tchê Tchê,VAS,Meia,5.23,1.17,3,,1.0,,,4.0,,,,,,,,,,,,,,,
Hugo Moura,VAS,Meia,4.44,1.03,3,1.0,4.0,5.0,2.0,2.0,,,,,,,,,,,,,,1.0,
Payet,VAS,Meia,8.7,5.23,3,,2.0,2.0,1.0,5.0,,,,,2.0,,,,,,,,,,
Alex Teixeira,VAS,Atacante,3.7,1.3,2,1.0,2.0,2.0,,,,,,,,,,1.0,,,,,,,
João Victor,VAS,Zagueiro,5.82,1.83,3,1.0,4.0,1.0,2.0,2.0,,,,,,,,1.0,,,,,,1.0,
Daniel Fuzato,VAS,Goleiro,3.0,0.0,0,,,,,,,,,,,,,,,,,,,,
Sforza,VAS,Meia,5.0,0.0,0,,,,,,,,,,,,,,,,,,,,
David,VAS,Atacante,6.0,0.0,0,,,,,,,,,,,,,,,,,,,,
Lucas Freitas,VAS,Zagueiro,4.22,0.95,2,,1.0,2.0,,2.0,,,,,,,,,,,,,,,
Puma Rodríguez,VAS,Lateral,5.06,2.5,1,,1.0,1.0,1.0,1.0,,,,,,,,,,,,,,,
Jean David,VAS,Meia,3.0,0.0,0,,,,,,,,,,,,,,,,,,,,
Mateus Carvalho,VAS,Meia,5.1,2.6,1,,2.0,3.0,,1.0,,,,,,,,,,,,,,,
Davi,SPT,Goleiro,2.0,0.0,0,,,,,,,,,,,,,,,,,,,,
Paulinho,VAS,Meia,7.44,4.9,1,,3.0,2.0,,2.0,,,,,,,,,,,,,,,
GB,VAS,Atacante,2.0,0.0,0,,,,,,,,,,,,,,,,,,,,
Lucas Oliveira,VAS,Zagueiro,4.0,0.0,0,,,,,,,,,,,,,,,,,,,,
Garré,VAS,Atacante,3.29,0.6,2,,1.0,1.0,,,,,,,,,,,,,,,,,
Thiago Carpini,VIT,Técnico,6.37,3.76,3,,,,,,,,,,,,,,,,,,,,
Paulinho Silva,VAS,Lateral,2.0,0.0,0,,,,,,,,,,,,,,,,,,,,
Guilherme Estrella,VAS,Meia,3.0,0.0,0,,,,,,,,,,,,,,,,,,,,
Adson,VAS,Meia,4.14,0.57,3,,,,,1.0,,,,,,,,1.0,,,,,,,
Rayan,VAS,Atacante,6.83,5.6,2,,2.0,1.0,,1.0,,,,,,,,,,,,1.0,,,
Loide Augusto,VAS,Atacante,4.72,3.45,2,,3.0,2.0,1.0,2.0,,,,,,,,1.0,,,,,,,
Philippe Coutinho,VAS,Meia,13.23,5.25,2,,,1.0,3.0,2.0,,,,,1.0,,,2.0,,,,,,,
Nuno Moreira,VAS,Atacante,9.31,8.03,3,,4.0,1.0,1.0,7.0,1.0,,,,1.0,,,1.0,,,,1.0,,,
Wellington Rato,VIT,Meia,8.06,4.5,2,,,1.0,1.0,1.0,,,,,,,,,,,,1.0,,,
Raúl Cáceres,VIT,Lateral,1.89,-1.9,1,1.0,,3.0,,,,,,,,,,,,,,,,,
Zé Marcos,VIT,Zagueiro,3.3,0.97,3,,2.0,2.0,,1.0,,,,,,,,,,,,,,,
Lukas Zuccarello,VAS,Meia,2.0,0.0,0,,,,,,,,,,,,,,,,,,,,
Willian Oliveira,VIT,Meia,3.73,1.07,3,1.0,1.0,2.0,1.0,5.0,,,,,,,,,,,,,,,
Osvaldo,VIT,Atacante,4.17,0.0,1,,,,,,,,,,,,,,,,,,,,
Ricardo Ryller,VIT,Meia,3.52,1.5,3,1.0,3.0,4.0,,2.0,,,,,,,,1.0,,,,,,,
JP,VAS,Meia,2.0,0.0,0,,,,,,,,,,,,,,,,,,,,
Baralhas,VIT,Meia,7.06,4.5,2,,5.0,1.0,1.0,2.0,,,,,,,,,,,,,,,
Ronald Lopes,VIT,Meia,3.7,-1.1,1,1.0,,2.0,,1.0,,,,,,,,,,,,,,,
Claudinho,VIT,Lateral,5.64,2.73,3,,5.0,1.0,,2.0,,,,,,,,,,,,,,,
Carlos Eduardo,VIT,Atacante,4.02,1.5,1,,1.0,,,,,,,,,,,,,,,,,,
Neris,VIT,Zagueiro,4.47,1.1,1,1.0,1.0,2.0,,,,,,,,,,1.0,,,,,,,
Gustavo Mosquito,VIT,Atacante,6.04,4.2,2,,1.0,2.0,1.0,1.0,,,,,1.0,,,1.0,,,,,,,
Bruno Uvini,VIT,Zagueiro,4.0,0.0,0,,,,,,,,,,,,,,,,,,,,
Carlinhos,VIT,Atacante,4.0,0.0,0,,,,,,,,,,,,,,,,,,,,
Lucas Halter,VIT,Zagueiro,4.1,2.2,3,1.0,,1.0,,,1.0,,,,,,,,,,,1.0,,,
Lucas Arcanjo,VIT,Goleiro,8.47,7.1,2,,,,,,,,,,,14.0,4.0,,,,,,,,
Rivera,SPT,Meia,5.11,3.73,3,2.0,10.0,11.0,,3.0,,,,,,,,,,,,,,,
Gabriel,VIT,Goleiro,3.66,1.1,1,,,,,1.0,,,,,,2.0,2.0,,,,,,,,
Bruno Xavier,VIT,Meia,4.0,0.0,0,,,,,,,,,,,,,,,,,,,,
Hugo,VIT,Lateral,5.0,0.0,0,,,,,,,,,,,,,,,,,,,,
Jamerson,VIT,Lateral,6.24,4.93,3,,6.0,2.0,3.0,1.0,1.0,,,,,,,3.0,,,,,,,
Janderson,VIT,Atacante,3.3,0.17,3,1.0,,3.0,1.0,1.0,1.0,,,,,,,1.0,,,,,,,
Pepê,VIT,Meia,6.75,4.1,2,,4.0,1.0,,5.0,,,,,,,,,,,,,,,
Arrascaeta,FLA,Meia,20.67,14.15,2,,2.0,,1.0,1.0,,,,,,,,,,,,3.0,,,
João Silva,SPT,Zagueiro,4.76,3.8,3,,2.0,,,2.0,,1.0,,,,,,2.0,,,,,,,
Vitor Roque,PAL,Atacante,13.81,5.87,3,1.0,8.0,4.0,2.0,10.0,,,,,,,,1.0,,,,,,,
Edu,VIT,Zagueiro,3.0,0.0,0,,,,,,,,,,,,,,,,,,,,
Lucas Braga,VIT,Atacante,5.0,0.0,0,,,,,,,,,,,,,,,,,,,,
Hulk,CAM,Atacante,18.24,4.47,3,,,2.0,5.0,6.0,2.0,,,,,,,6.0,,,,,,,
Willian José,BAH,Atacante,9.0,1.5,2,,,,1.0,2.0,,,,,,,,1.0,,,,,,,
Marcos Felipe,BAH,Goleiro,6.0,0.0,0,,,,,,,,,,,,,,,,,,,,
Gilberto,BAH,Lateral,8.17,6.03,3,1.0,7.0,4.0,1.0,2.0,,,,,,,,,,,,1.0,,,
Danilo Fernandes,BAH,Goleiro,4.0,0.0,0,,,,,,,,,,,,,,,,,,,,
Neymar,SAN,Meia,22.63,2.6,1,1.0,,2.0,,6.0,,,,,,,,1.0,,,,,,,
Leandro,SAO,Goleiro,2.0,0.0,0,,,,,,,,,,,,,,,,,,,,
Garro,COR,Meia,23.0,0.0,0,,,,,,,,,,,,,,,,,,,,
Thiaguinho,VIT,Meia,3.0,0.0,0,,,,,,,,,,,,,,,,,,,,
Angileri,COR,Lateral,4.09,0.0,1,,,,,,,,,,,,,,,,,,,,
Fintelman,VIT,Goleiro,2.0,0.0,0,,,,,,,,,,,,,,,,,,,,
Ademir,BAH,Atacante,5.02,2.37,3,,2.0,3.0,1.0,6.0,,,,,,,,1.0,,,,,,,
Iago,BAH,Lateral,3.57,0.1,2,,,1.0,,1.0,,,,,,,,,,,,,,,
Kanu,BAH,Zagueiro,4.58,2.85,2,,4.0,1.0,,,,,,,,,,,,,,,,,
Jean Lucas,BAH,Meia,6.27,3.17,3,1.0,5.0,3.0,3.0,3.0,,,,,,,,,,,,,,,
Oscar,SAO,Meia,20.0,0.0,0,,,,,,,,,,,,,,,,,,,,
Erick,BAH,Meia,10.4,7.1,3,1.0,7.0,6.0,2.0,2.0,,,,,,,,,,,1.0,1.0,,,
David Duarte,BAH,Zagueiro,4.18,2.05,2,,3.0,1.0,,,1.0,,,,,,,,,,,,,,
Santiago Mingo,BAH,Zagueiro,3.41,0.37,3,,,1.0,,3.0,1.0,,,,,,,,,,,,,,
Caio Alexandre,BAH,Meia,5.88,2.23,3,2.0,6.0,7.0,1.0,2.0,,,,,,,,,,,,,,,
Luciano Juba,BAH,Lateral,8.8,8.63,3,,2.0,3.0,1.0,,,,,,3.0,,,,,,,1.0,,,
Yago Felipe,MIR,Meia,5.0,0.0,0,,,,,,,,,,,,,,,,,,,,
Rafael Guanaes,MIR,Técnico,4.45,3.67,3,,,,,,,,,,,,,,,,,,,,
Gabriel Xavier,BAH,Zagueiro,5.69,-0.1,1,1.0,1.0,2.0,,,,,,,,,,,,,,,,,
Erick Pulga,BAH,Atacante,9.1,7.5,3,,4.0,2.0,5.0,8.0,1.0,,,,,,,1.0,,,,1.0,,,
Raphael Veiga,PAL,Meia,17.12,4.15,2,,2.0,3.0,1.0,4.0,,,,,,,,2.0,1.0,,,,,,
Rodrigo Nestor,BAH,Meia,6.34,2.6,2,,3.0,2.0,1.0,1.0,,,,,,,,,,,,,,,
Léo Jardim,VAS,Goleiro,7.33,-0.37,3,,,,,,,,,,,3.0,5.0,,,,,,,,
Cauly,BAH,Meia,7.76,3.15,2,,,,1.0,1.0,,,,,1.0,,,,,,,,,,
Kayky,BAH,Atacante,2.21,0.0,2,,,,,,,,,,,,,,,,,,,,
Rezende,BAH,Meia,3.0,0.0,0,,,,,,,,,,,,,,,,,,,,
Amuzu,GRE,Atacante,4.17,2.07,3,1.0,1.0,2.0,2.0,5.0,2.0,,,,,,,2.0,,,,,,,
Zé Guilherme,BAH,Lateral,3.0,0.0,0,,,,,,,,,,,,,,,,,,,,
Ryan,BAH,Lateral,2.0,0.0,0,,,,,,,,,,,,,,,,,,,,
Dênis Júnior,BAH,Goleiro,3.0,0.0,0,,,,,,,,,,,,,,,,,,,,
Michel Araújo,BAH,Meia,6.0,0.0,0,,,,,,,,,,,,,,,,,,,,
Acevedo,BAH,Meia,4.09,0.0,1,,,,,,,,,,,,,,,,,,,,
Marcão,JUV,Goleiro,5.54,7.35,2,,,,,,,1.0,,,,9.0,2.0,,,,,,,,
Igor Serrote,GRE,Lateral,1.85,0.8,2,1.0,2.0,3.0,,1.0,,,,,,,,,,,,,,,
Sérgio Oliveira,SPT,Meia,9.72,6.73,3,1.0,10.0,7.0,2.0,5.0,,,,,,,,1.0,,,1.0,,,,
André,GRE,Atacante,3.02,1.65,2,,,,2.0,1.0,,,,,,,,1.0,,,,,,,
Giovanny,JUV,Atacante,4.73,4.5,2,,1.0,,2.0,2.0,1.0,,,,1.0,,,,,,,,,,
Palacios,CAM,Atacante,4.0,0.0,0,,,,,,,,,,,,,,,,,,,,
Santiago Rodríguez,BOT,Meia,5.96,2.4,3,,2.0,1.0,2.0,1.0,,,,,,,,2.0,,,,,,,
Gui Negão,COR,Atacante,2.0,0.0,0,,,,,,,,,,,,,,,,,,,,
Vitor Hugo,CAM,Zagueiro,5.0,0.0,0,,,,,,,,,,,,,,,,,,,,
Micael,PAL,Zagueiro,5.12,3.47,3,1.0,1.0,2.0,,1.0,,2.0,,,,,,,,,,,,,
Val Soares,VIT,Meia,3.0,0.0,0,,,,,,,,,,,,,,,,,,,,
Elias Manoel,BOT,Atacante,6.0,0.0,0,,,,,,,,,,,,,,,,,,,,
Lucas Evangelista,PAL,Meia,7.41,3.15,2,,2.0,3.0,,6.0,,,,,,,,1.0,,,,,,,
Lelê,CEA,Atacante,3.95,1.3,1,,,,1.0,1.0,,,,,,,,,,,,,,,
Fábio,VIT,Atacante,3.0,0.0,0,,,,,,,,,,,,,,,,,,,,
Gustavo Prado,INT,Meia,3.0,0.0,0,,,,,,,,,,,,,,,,,,,,
Felipe Teresa,FLA,Atacante,2.0,0.0,0,,,,,,,,,,,,,,,,,,,,
Fabri,VIT,Atacante,3.42,1.1,2,,,1.0,1.0,1.0,,,,,,,,1.0,,,,,,,
Dionísio,VIT,Meia,2.0,0.0,0,,,,,,,,,,,,,,,,,,,,
Felipe Cardoso,VIT,Meia,2.0,0.0,0,,,,,,,,,,,,,,,,,,,,
Du Queiroz,SPT,Meia,2.95,0.63,3,,2.0,3.0,1.0,,,,,,,,,,,,,,1.0,,
Fabrício Daniel,MIR,Atacante,3.49,-0.05,2,,,2.0,,1.0,,,,,,,,,,,,,,,
Lucas Lima,CEA,Meia,3.45,0.5,1,,,,,1.0,,,,,,,,,,,,,,,
Luis Eduardo,GRE,Zagueiro,2.0,0.0,0,,,,,,,,,,,,,,,,,,,,
Luiz Filipe,MIR,Atacante,2.24,-0.6,1,,,2.0,,,,,,,,,,,,,,,,,
Maceió,MIR,Atacante,3.63,1.73,3,,1.0,1.0,3.0,1.0,1.0,,,,,,,1.0,,,,,,,
Fabinho,RBB,Meia,2.97,1.3,1,,,,1.0,1.0,,,,,,,,,,,,,,,
Diego Rosa,INT,Meia,2.95,0.0,2,,,,,,,,,,,,,,,,,,,,
Jorge Meurer,GRE,Goleiro,2.0,0.0,0,,,,,,,,,,,,,,,,,,,,
Guilherme,CEA,Atacante,2.0,0.0,0,,,,,,,,,,,,,,,,,,,,
Felipe Vieira,FLA,Zagueiro,1.0,0.0,0,,,,,,,,,,,,,,,,,,,,
Zé Vitor,MIR,Meia,3.0,0.0,0,,,,,,,,,,,,,,,,,,,,
Kauan Lindes,BOT,Meia,1.0,0.0,0,,,,,,,,,,,,,,,,,,,,
Lucca Prior,FOR,Meia,1.0,0.0,0,,,,,,,,,,,,,,,,,,,,
Vinícius Lago,RBB,Lateral,1.0,0.0,0,,,,,,,,,,,,,,,,,,,,
Juninho,INT,Zagueiro,3.63,-1.3,1,1.0,,1.0,,,,,,,,,,,,,,,,,
Marcelinho,RBB,Meia,2.0,0.0,0,,,,,,,,,,,,,,,,,,,,
Léo Pereira,VIT,Atacante,3.5,1.43,3,,3.0,4.0,,2.0,,,,,,,,,,,,,,,
Lucas Ferreira,SAO,Meia,4.07,3.8,3,,5.0,1.0,,6.0,,,,,,,,1.0,,,,,,,
Adriel,SPT,Meia,1.0,0.0,0,,,,,,,,,,,,,,,,,,,,
Athyrson,RBB,Atacante,1.0,0.0,0,,,,,,,,,,,,,,,,,,,,
Willian Chumbinho,RBB,Meia,1.0,0.0,0,,,,,,,,,,,,,,,,,,,,
Giraldo,JUV,Meia,2.98,0.63,3,1.0,1.0,3.0,1.0,3.0,,,,,,,,,,,,,,,
Otávio,CRU,Goleiro,1.0,0.0,0,,,,,,,,,,,,,,,,,,,,
Allanzinho,FOR,Atacante,3.57,1.05,2,,1.0,2.0,1.0,1.0,1.0,,,,,,,,,,,,,,
Wanderson Papaterra,VIT,Meia,2.0,0.0,0,,,,,,,,,,,,,,,,,,,,
Benedetti,PAL,Zagueiro,2.0,0.0,0,,,,,,,,,,,,,,,,,,,,
Felipinho,JUV,Lateral,3.62,2.4,2,,,2.0,,1.0,1.0,1.0,,,,,,,,,,,,,
Lucas Piton,VAS,Lateral,7.64,2.3,3,1.0,4.0,4.0,2.0,3.0,,,,,,,,,,,,,,,
Matheus Alves,SAO,Meia,2.31,1.4,3,1.0,2.0,3.0,2.0,3.0,,,,,,,,,,,,,,,
Matheus Bianqui,MIR,Meia,5.0,0.0,0,,,,,,,,,,,,,,,,,,,,
Gabriel Carvalho,INT,Meia,6.0,0.0,0,,,,,,,,,,,,,,,,,,,,
Robert,CAM,Goleiro,1.0,0.0,0,,,,,,,,,,,,,,,,,,,,
Óscar Romero,INT,Meia,7.0,4.4,2,,1.0,1.0,2.0,2.0,,,,,1.0,,,,,,,,,,
Kelvi Gomes,JUV,Meia,3.0,0.0,0,,,,,,,,,,,,,,,,,,,,
Peixoto,JUV,Meia,3.0,0.0,0,,,,,,,,,,,,,,,,,,,,
Wallace Davi,FLU,Meia,2.0,0.0,0,,,,,,,,,,,,,,,,,,,,
Jemmes,MIR,Zagueiro,2.52,1.87,3,1.0,4.0,5.0,2.0,1.0,,,,,,,,,,,,,,,
Figueiredo,PAL,Meia,2.0,0.0,0,,,,,,,,,,,,,,,,,,,,
Edson Carioca,MIR,Atacante,4.26,2.25,2,1.0,2.0,1.0,2.0,,,,,,,,,1.0,,,,,,,
Wesley Santos,MIR,Lateral,2.0,0.0,0,,,,,,,,,,,,,,,,,,,,
Patrick,CAM,Meia,2.0,0.0,0,,,,,,,,,,,,,,,,,,,,
Gabriel Souza,JUV,Lateral,2.0,0.0,0,,,,,,,,,,,,,,,,,,,,
Ruan Carneiro,JUV,Goleiro,1.0,0.0,0,,,,,,,,,,,,,,,,,,,,
Garcez,JUV,Atacante,2.3,0.35,2,,,1.0,,2.0,,,,,,,,,,,,,,,
Viery,GRE,Zagueiro,1.53,-0.3,1,,,1.0,,,,,,,,,,,,,,,,,
Gustavo Lacerda,MIR,Goleiro,2.0,0.0,0,,,,,,,,,,,,,,,,,,,,
Ronaldo,BAH,Goleiro,4.35,2.47,3,,,,,2.0,,,,,,8.0,4.0,,,,,,,,
Emerson Galego,JUV,Atacante,2.5,0.0,1,,,,,,,,,,,,,,,,,,,,
Joshua,FLA,Meia,2.0,0.0,0,,,,,,,,,,,,,,,,,,,,
Felipe Longo,COR,Goleiro,1.0,0.0,0,,,,,,,,,,,,,,,,,,,,
Luca Meirelles,SAN,Atacante,1.53,-0.3,1,,,1.0,,,,,,,,,,,,,,,,,
Renato Gaúcho,FLU,Técnico,10.45,6.56,2,,,,,,,,,,,,,,,2.0,,,,,
Gustavo Mancha,FOR,Zagueiro,3.84,8.0,1,,2.0,,,,,1.0,,,,,,,,,,,,,
Mastriani,BOT,Atacante,6.01,0.2,2,,,1.0,1.0,,1.0,,,,,,,,,,,,,,
Cristian,MIR,Atacante,4.38,6.25,2,1.0,1.0,4.0,2.0,,,,,,,,,3.0,,,,1.0,,,
Alysson,GRE,Atacante,2.61,4.7,1,,1.0,,,4.0,,,,,,,,1.0,,,,,,,
Murilo Rhikman,CRU,Meia,1.0,0.0,0,,,,,,,,,,,,,,,,,,,,
Vitor Pernambuco,JUV,Atacante,2.16,1.5,1,,1.0,,,,,,,,,,,,,,,,,,
Léo Jance,FLU,Lateral,1.0,0.0,0,,,,,,,,,,,,,,,,,,,,
Matheus Babi,JUV,Atacante,5.21,4.05,2,,,1.0,,1.0,1.0,,,,,,,,,,,1.0,,,
Marçal,BOT,Lateral,5.0,0.0,0,,,,,,,,,,,,,,,,,,,,
Bruninho,FOR,Meia,2.0,0.0,0,,,,,,,,,,,,,,,,,,,,
Artur,BOT,Atacante,9.47,4.47,3,1.0,2.0,3.0,1.0,7.0,,,,,1.0,,,,,,1.0,,,,
João Victor,CEA,Atacante,0.87,0.0,1,,,,,,,,,,,,,,,,,,,,
Jota,BAH,Meia,1.0,0.0,0,,,,,,,,,,,,,,,,,,,,
Henrique,SAO,Atacante,1.0,0.0,0,,,,,,,,,,,,,,,,,,,,
Thiago Henrique,FLU,Meia,1.0,0.0,0,,,,,,,,,,,,,,,,,,,,
Luiz Gustavo,VAS,Zagueiro,1.0,0.0,0,,,,,,,,,,,,,,,,,,,,
Matheuzinho,VIT,Meia,11.92,6.7,2,,1.0,1.0,,6.0,,,,,,,,1.0,,,,1.0,,,
Gabriel Knesowitsch,MIR,Zagueiro,2.0,0.0,0,,,,,,,,,,,,,,,,,,,,
César Sampaio,SAN,Técnico,8.05,0.0,0,,,,,,,,,,,,,,,,,,,,
Luis Otávio,INT,Meia,2.13,3.4,1,,2.0,2.0,,2.0,,,,,,,,,,,,,,,
Iván Román,CAM,Zagueiro,2.77,2.8,1,,1.0,,1.0,1.0,,,,,,,,,,,,,,,
Arboleda,SAO,Zagueiro,8.99,6.05,2,,1.0,1.0,,2.0,1.0,2.0,,,,,,,,,,,,,
Cuello,CAM,Atacante,8.78,4.0,3,,2.0,6.0,4.0,8.0,,,,,,,,3.0,,,,,,,
Janderson,CRU,Zagueiro,1.0,0.0,0,,,,,,,,,,,,,,,,,,,,
Vitão,INT,Zagueiro,10.65,7.3,3,1.0,9.0,2.0,,,,2.0,,,,,,,,,,,,,
Alexander Barboza,BOT,Zagueiro,10.15,5.67,3,2.0,7.0,5.0,,,,2.0,,,,,,,,,,,,,
Piquerez,PAL,Lateral,13.95,9.07,3,,,3.0,2.0,1.0,,2.0,,,,,,,,,,2.0,,,
De la Cruz,FLA,Meia,11.19,3.43,3,2.0,8.0,4.0,,3.0,,,,,,,,,,,,,,,
Zé Rafael,SAN,Meia,8.0,0.0,0,,,,,,,,,,,,,,,,,,,,
Jeferson,GRE,Atacante,1.0,0.0,0,,,,,,,,,,,,,,,,,,,,
Cano,FLU,Atacante,9.27,1.4,3,1.0,,4.0,5.0,5.0,1.0,,,,,,,,,,,,,,
Soteldo,SAN,Atacante,11.43,0.6,2,1.0,,,,2.0,,,,,,,,1.0,,,,,,,
Juan Vojvoda,FOR,Técnico,11.41,6.12,3,,,,,,,,,,,,,,,1.0,,,,,
Ramón Díaz,COR,Técnico,9.02,5.07,3,,,,,,,,,,,,,,,1.0,,,,,
Tiago,BAH,Atacante,1.0,0.0,0,,,,,,,,,,,,,,,,,,,,
Luis Zubeldía,SAO,Técnico,8.39,5.61,3,,,,,,,,,,,,,,,,,,,,
Canobbio,FLU,Atacante,6.9,1.77,3,,2.0,4.0,2.0,4.0,1.0,,,,,,,,,,,,,,
Borré,INT,Atacante,13.72,3.1,3,,,1.0,1.0,2.0,2.0,,,,,,,,,,,1.0,,,
Vegetti,VAS,Atacante,19.76,11.9,3,,1.0,4.0,1.0,3.0,1.0,,,,1.0,,,1.0,,,1.0,3.0,,,
Davi Schuindt,FLU,Zagueiro,1.0,0.0,0,,,,,,,,,,,,,,,,,,,,
Braithwaite,GRE,Atacante,17.09,4.0,1,,2.0,1.0,1.0,1.0,,,,,,,,,,,,,,,
Guilherme Arana,CAM,Lateral,10.39,4.37,3,1.0,3.0,3.0,1.0,1.0,,1.0,,,,,,1.0,,,1.0,,,,
Igor Rabello,CAM,Zagueiro,5.0,0.0,0,,,,,,,,,,,,,,,,,,,,
Junior Alonso,CAM,Zagueiro,5.37,2.77,3,,1.0,1.0,2.0,1.0,,1.0,,,,,,,,,,,,,
Rony,CAM,Atacante,13.69,8.33,3,,5.0,5.0,4.0,4.0,2.0,,,,,,,5.0,,,,1.0,,,
Bastos,BOT,Zagueiro,11.0,0.0,0,,,,,,,,,,,,,,,,,,,,
Alan Franco,CAM,Meia,5.46,0.95,2,,1.0,2.0,,2.0,,,,,,,,,,,,,,,
Lyanco,CAM,Zagueiro,6.9,3.55,2,,3.0,3.0,,1.0,2.0,1.0,1.0,,,,,1.0,,,,,,,
Saravia,CAM,Lateral,6.39,6.2,1,,,2.0,1.0,2.0,,1.0,,,,,,,,,,,,,
Walace,CRU,Meia,4.36,-0.05,2,1.0,1.0,2.0,,,,,,,,,,,,,,,,,
Memphis Depay,COR,Atacante,17.17,8.95,2,1.0,2.0,1.0,,4.0,,,,,1.0,,,1.0,,,,1.0,,,
Rubens,CAM,Meia,5.93,3.17,3,,6.0,1.0,1.0,,,,,,,,,,,,,,,,
Gabriel Menino,CAM,Meia,6.09,1.4,3,,1.0,,,3.0,,,,,,,,1.0,,,,,,,
Deyverson,FOR,Atacante,5.43,1.77,3,1.0,2.0,4.0,1.0,5.0,,,,,,,,1.0,,,,,,,
Fausto Vera,CAM,Meia,9.32,11.1,1,,1.0,,2.0,,,,,,,,,,,,,1.0,,,
Natanael,CAM,Lateral,6.61,3.3,3,,3.0,2.0,,2.0,,1.0,,,,,,,,,,,,,
Gabriel Delfim,CAM,Goleiro,2.0,0.0,0,,,,,,,,,,,,,,,,,,,,
Pochettino,FOR,Meia,9.0,0.0,1,,,,,,,,,,,,,,,,,,,,
Rômulo,CAM,Zagueiro,3.0,0.0,0,,,,,,,,,,,,,,,,,,,,
Gabriel Átila,CAM,Goleiro,1.0,0.0,0,,,,,,,,,,,,,,,,,,,,
João Marcelo,CAM,Atacante,2.76,1.0,2,,,,1.0,,,,,,,,,1.0,,,,,,,
Raul,BOT,Goleiro,2.0,0.0,0,,,,,,,,,,,,,,,,,,,,
Caio Maia,CAM,Atacante,2.0,0.0,0,,,,,,,,,,,,,,,,,,,,
Bernard,CAM,Meia,5.17,1.23,3,1.0,3.0,1.0,,1.0,,,,,,,,,,,,,,,
Alex Telles,BOT,Lateral,10.8,4.7,3,,2.0,8.0,1.0,3.0,,2.0,,,,,,1.0,,,,,,,
Júnior Santos,CAM,Atacante,7.98,1.7,2,,,,,2.0,,,,,,,,2.0,,,,,,,
John,BOT,Goleiro,12.08,6.47,3,,,,,,,2.0,,,,8.0,1.0,,,,,,,,
Marlon Freitas,BOT,Meia,6.08,-0.2,3,1.0,,2.0,,2.0,,,,,,,,,,,,,,,
Allan,BOT,Meia,5.0,0.0,0,,,,,,,,,,,,,,,,,,,,
Gregore,BOT,Meia,7.08,2.57,3,2.0,7.0,12.0,1.0,4.0,,,,,,,,,,,,,,,
Vitinho,BOT,Lateral,8.7,5.73,3,,5.0,1.0,,,,2.0,,,,,,,,,,,,,
Caio Paulista,CAM,Lateral,6.36,0.8,1,,,,1.0,,,,,,,,,,,,,,,,
Patrick de Paula,BOT,Meia,4.95,2.33,3,,2.0,3.0,3.0,5.0,,,,,,,,,,,,,,,
David Ricardo,BOT,Zagueiro,4.0,0.0,0,,,,,,,,,,,,,,,,,,,,
Alisson,CAM,Meia,4.0,0.0,0,,,,,,,,,,,,,,,,,,,,
Cadu,CAM,Atacante,3.0,0.0,0,,,,,,,,,,,,,,,,,,,,
Cuiabano,BOT,Lateral,8.79,5.8,3,,1.0,2.0,,3.0,,2.0,,,1.0,,,,,,,,,,
Jair,BOT,Zagueiro,7.39,5.23,3,,2.0,2.0,1.0,5.0,,2.0,,,,,,,,,,,,,
Léo Linck,BOT,Goleiro,5.0,0.0,0,,,,,,,,,,,,,,,,,,,,
Mateo Ponte,BOT,Lateral,7.9,7.05,2,,1.0,1.0,,,1.0,1.0,,,,,,,,,,1.0,,,
Philipe Sampaio,BOT,Zagueiro,3.0,0.0,0,,,,,,,,,,,,,,,,,,,,
Danilo Barbosa,BOT,Meia,6.0,0.0,0,,,,,,,,,,,,,,,,,,,,
Igor Gomes,CAM,Meia,6.66,4.0,2,,,,,,,,,,,,,,,,,1.0,,,
Nathan Fernandes,BOT,Atacante,5.0,0.0,0,,,,,,,,,,,,,,,,,,,,
Kauê Rodrigues,BOT,Meia,3.0,0.0,0,,,,,,,,,,,,,,,,,,,,
Rwan Cruz,BOT,Atacante,4.0,0.0,0,,,,,,,,,,,,,,,,,,,,
Serafim,BOT,Zagueiro,2.0,0.0,0,,,,,,,,,,,,,,,,,,,,
Newton,BOT,Meia,3.14,0.6,2,,1.0,1.0,,,,,,,,,,,,,,,,,
Marllon,CEA,Zagueiro,7.33,5.73,3,,3.0,1.0,,,,1.0,,,,,,,,,,1.0,,,
Richard,CEA,Goleiro,5.0,0.0,0,,,,,,,,,,,,,,,,,,,,
Jeffinho,BOT,Atacante,4.0,0.0,0,,,,,,,,,,,,,,,,,,,,
Matheus Martins,BOT,Atacante,5.39,1.75,2,1.0,1.0,,1.0,2.0,,,,,,,,1.0,,,,,,,
Fernando Miguel,CEA,Goleiro,3.0,0.0,0,,,,,,,,,,,,,,,,,,,,
Yarlen,BOT,Atacante,3.0,0.0,0,,,,,,,,,,,,,,,,,,,,
Aylon,CEA,Atacante,5.95,4.7,3,,3.0,4.0,1.0,4.0,,,,,,,,,,,,1.0,,,
Leonardo Jardim,CRU,Técnico,8.64,4.81,3,,,,,,,,,,,,,,,1.0,,,,,
Éder,CEA,Zagueiro,2.9,0.8,1,,,,1.0,,,,,,,,,,,,,,,,
Fernando Sobral,CEA,Meia,5.59,2.53,3,1.0,5.0,4.0,1.0,3.0,,,,,,,,,,,,,,,
Bruno Ferreira,CEA,Goleiro,5.49,4.4,3,1.0,,1.0,,1.0,,1.0,,,,10.0,4.0,,,,,,,,
Fernandinho,CEA,Atacante,5.88,4.3,2,,4.0,1.0,1.0,2.0,1.0,,,,,,,1.0,,,,,,,
Kayke Queiroz,BOT,Atacante,3.0,0.0,0,,,,,,,,,,,,,,,,,,,,
Rafael Ramos,CEA,Lateral,3.71,1.35,2,,2.0,1.0,,,,,,,,,,,,,,,,,
Pedro Henrique,CEA,Atacante,7.0,0.0,0,,,,,,,,,,,,,,,,,,,,
Matheus Bahia,CEA,Lateral,5.87,4.4,2,1.0,3.0,3.0,,,,1.0,,,,,,1.0,,,,,,,
Richardson,CEA,Meia,4.0,0.0,0,,,,,,,,,,,,,,,,,,,,
Lourenço,CEA,Meia,4.72,2.27,3,,3.0,1.0,2.0,2.0,,,,,,,,,,,,,,,
Willian Machado,CEA,Zagueiro,3.62,2.73,3,,2.0,1.0,,1.0,,1.0,,,,,,,,,,,,,
Bruno Tubarão,CEA,Lateral,4.0,0.0,0,,,,,,,,,,,,,,,,,,,,
Pedro Raul,CEA,Atacante,9.49,7.53,3,2.0,,7.0,4.0,7.0,2.0,,,,,,,1.0,,,1.0,2.0,,,
Rafael Lobato,BOT,Atacante,2.0,0.0,0,,,,,,,,,,,,,,,,,,,,
Matheus Araújo,CEA,Meia,7.18,7.25,2,,1.0,,,,,,,,1.0,,,,,,,1.0,,,
Diego,CEA,Lateral,9.33,8.27,3,,7.0,,1.0,7.0,,1.0,,,1.0,,,,,,,,,,
Luiz Otávio,CEA,Zagueiro,4.0,0.0,0,,,,,,,,,,,,,,,,,,,,
Galeano,CEA,Atacante,3.3,1.97,3,1.0,1.0,2.0,,5.0,1.0,,,,,,,3.0,,,,,,,
Nicolas,CEA,Lateral,5.66,6.5,1,,1.0,,,,,1.0,,,,,,,,,,,,,
Alejandro Martínez,CEA,Atacante,4.93,4.55,2,,2.0,2.0,,1.0,,,,,1.0,,,1.0,,,,,,,
Fabiano Souza,CEA,Lateral,6.39,5.73,3,1.0,6.0,6.0,1.0,8.0,,1.0,,,,,,1.0,,,,,,,
Keiller,CEA,Goleiro,3.0,0.0,0,,,,,,,,,,,,,,,,,,,,
Ramon Menezes,CEA,Zagueiro,6.0,0.0,0,,,,,,,,,,,,,,,,,,,,
Rômulo,CEA,Meia,4.31,-0.15,2,,,1.0,,,,,,,,,,,,,,,,,
Carrillo,COR,Meia,7.37,2.5,2,,4.0,6.0,1.0,,,,,,,,,,,,,,,,
Recalde,CEA,Meia,3.0,0.0,0,,,,,,,,,,,,,,,,,,,,
André Ramalho,COR,Zagueiro,5.25,1.7,3,1.0,1.0,3.0,,1.0,,1.0,,,,,,,,,,,,,
Gustavo Henrique,COR,Zagueiro,7.0,0.0,0,,,,,,,,,,,,,,,,,,,,
Cacá,COR,Zagueiro,5.48,1.95,2,,2.0,2.0,,3.0,,,,,,,,,,,,,,,
Félix Torres,COR,Zagueiro,7.32,8.8,1,,2.0,,1.0,,,1.0,,,,,,,,,,,,,
Raniele,COR,Meia,5.22,1.4,2,1.0,2.0,4.0,,4.0,,,,,,,,,,,,,,,
Matheus Bidu,COR,Lateral,8.35,5.45,2,,4.0,2.0,,1.0,,1.0,,,,,,,,,,,,,
Héctor Hernández,COR,Atacante,5.26,4.1,3,,2.0,,1.0,1.0,,,,,,,,,,,,1.0,,,
Hugo,COR,Lateral,6.28,3.35,2,,3.0,1.0,1.0,1.0,,,,,,,,1.0,,,,,,,
Marcos Victor,CEA,Zagueiro,3.0,0.0,0,,,,,,,,,,,,,,,,,,,,
Charles,COR,Meia,4.61,1.5,1,,1.0,,,,,,,,,,,,,,,,,,
Gabriel Lacerda,CEA,Zagueiro,4.0,0.0,0,,,,,,,,,,,,,,,,,,,,
Maycon,COR,Meia,4.78,2.25,2,,3.0,,,,,,,,,,,,,,,,,,
José Martínez,COR,Meia,4.25,1.0,2,2.0,2.0,5.0,,5.0,,,,,,,,,,,,,,,
Breno Bidon,COR,Meia,9.32,6.43,3,1.0,7.0,13.0,1.0,11.0,,,,,1.0,,,2.0,,,,,,,
Matheus Donelli,COR,Goleiro,5.31,5.17,3,,,,,1.0,,1.0,,,,10.0,3.0,,,,,,,,
Alex Santana,COR,Meia,5.33,1.2,1,,,2.0,1.0,2.0,,,,,,,,,,,,,,,
Igor Coronado,COR,Meia,6.6,1.75,2,,2.0,,,1.0,,,,,,,,,,,,,,,
Talles Magno,COR,Atacante,7.03,1.4,1,,,5.0,,6.0,1.0,,,,,,,,,,,,,,
Cássio,CRU,Goleiro,8.66,4.77,3,2.0,,,,,,,,,,11.0,5.0,,,,,,,,1.0
Ángel Romero,COR,Atacante,6.53,1.13,3,,2.0,2.0,,2.0,,,,,,,,,,,,,,,
Giovane,COR,Atacante,4.0,0.0,0,,,,,,,,,,,,,,,,,,,,
Palacios,COR,Lateral,4.0,0.0,0,,,,,,,,,,,,,,,,,,,,
Lucas Silva,CRU,Meia,4.98,1.05,2,,1.0,3.0,,3.0,,,,,,,,,,,,,,,
Enner Valencia,INT,Atacante,7.7,3.73,3,,,6.0,2.0,1.0,1.0,,,,,,,,,,1.0,1.0,,,
João Pedro,COR,Zagueiro,3.62,1.0,1,1.0,1.0,1.0,1.0,,,,,,,,,,,,,,,,
Dudu,CRU,Atacante,11.2,5.37,3,,4.0,3.0,,6.0,,,,,,,,,,,,1.0,,,
Léo Maná,COR,Lateral,2.45,0.0,1,,,,,,,,,,,,,,,,,,,,
Lucas Romero,CRU,Meia,6.56,3.37,3,2.0,8.0,3.0,,2.0,,,,,,,,,,,,,,,
Wanderson,CRU,Atacante,6.96,2.8,3,,2.0,2.0,2.0,3.0,1.0,,,,,,,,,,1.0,,,,
Ryan,COR,Meia,4.0,0.0,0,,,,,,,,,,,,,,,,,,,,
Matheus Henrique,CRU,Meia,8.54,1.55,2,1.0,2.0,3.0,,4.0,,,,,,,,,,,,,,,
Manoel,FLU,Zagueiro,5.0,0.0,0,,,,,,,,,,,,,,,,,,,,
Marlon,GRE,Lateral,5.84,0.0,1,,,,,,,,,,,,,,,,,,,,
Kaio Jorge,CRU,Atacante,11.41,8.5,2,1.0,4.0,2.0,2.0,6.0,,,,,,,,,,,,1.0,,,
Kaiki Bruno,CRU,Lateral,7.41,6.0,3,1.0,8.0,6.0,1.0,6.0,,,,,1.0,,,,,,,,,,
Gamarra,CRU,Zagueiro,4.83,2.35,2,,4.0,1.0,,,,,,,,,,,,,,,1.0,,
Eduardo,CRU,Meia,5.08,-0.15,2,,,1.0,,,,,,,,,,,,,,,,,
Ivan,INT,Goleiro,4.0,0.0,0,,,,,,,,,,,,,,,,,,,,
João Marcelo,CRU,Zagueiro,7.0,0.0,0,,,,,,,,,,,,,,,,,,,,
Fagner,CRU,Lateral,5.5,0.8,1,1.0,2.0,4.0,,,,,,,,,,,,,,,,,
Marquinhos,CRU,Atacante,4.76,0.47,3,,1.0,2.0,,1.0,,,,,,,,,,,,,,,
Everaldo,FLU,Atacante,3.86,0.1,3,,1.0,4.0,,,,,,,,,,,,,,,,,
Renato Paiva,BOT,Técnico,8.47,6.0,3,,,,,,,,,,,,,,,1.0,,,,,
Dinenno,CRU,Atacante,7.0,0.0,0,,,,,,,,,,,,,,,,,,,,
Jonathan Jesus,CRU,Zagueiro,2.88,-3.6,1,,,2.0,,,,,1.0,,,,,,,,,,,,
Japa,CRU,Meia,3.0,0.0,0,,,,,,,,,,,,,,,,,,,,
Luiz Araújo,FLA,Atacante,8.64,4.43,3,,3.0,,2.0,2.0,,,,,1.0,,,1.0,,,,,,,
Bolasie,CRU,Atacante,5.62,-0.3,1,,,1.0,,,,,,,,,,,,,,,,,
Alex Sandro,FLA,Lateral,12.15,5.2,3,,7.0,9.0,1.0,4.0,,1.0,,,,,,,,,,,,,
Ayrton Lucas,FLA,Lateral,7.36,0.0,1,,,,,,,,,,,,,,,,,,,,
Léo Pereira,FLA,Zagueiro,9.79,4.4,3,,,1.0,,1.0,,1.0,,,,,,,,,,1.0,,,
Juninho,FLA,Atacante,5.76,3.9,3,,2.0,4.0,2.0,,1.0,,,,,,,2.0,,,2.0,,,,
Christian,CRU,Meia,5.72,1.4,1,,,1.0,,1.0,,,,,,,,1.0,,,,,,,
Everton,FLA,Atacante,10.46,3.17,3,,1.0,2.0,3.0,,,,,,1.0,,,1.0,,,,,,,
Villalba,CRU,Zagueiro,3.71,3.0,1,,,,,,,,,,,,,,,,1.0,,,,
Erick Pulgar,FLA,Meia,7.32,2.33,3,2.0,5.0,8.0,,3.0,,,,,,,,2.0,,,,,,,
Léo Aragão,CRU,Goleiro,2.0,0.0,0,,,,,,,,,,,,,,,,,,,,
Gerson,FLA,Meia,11.46,3.2,2,,,,,8.0,,,,,,,,2.0,,,,,,,
Rodriguinho,CRU,Meia,3.12,-0.6,1,,,2.0,,,,,,,,,,,,,,,,,
Wesley,FLA,Lateral,10.08,4.2,3,,5.0,6.0,,4.0,1.0,1.0,,,,,,,,,,,,,
Matheus Cunha,FLA,Goleiro,5.0,0.0,0,,,,,,,,,,,,,,,,,,,,
Plata,FLA,Atacante,5.6,1.67,3,,3.0,1.0,1.0,,,,,,,,,,,,,,,,
Rossi,FLA,Goleiro,7.85,3.17,3,,,,,,,1.0,,,,5.0,2.0,,,,,,,,
Cleiton,FLA,Zagueiro,3.0,0.0,0,,,,,,,,,,,,,,,,,,,,
Michael,FLA,Atacante,7.36,2.87,3,,1.0,1.0,1.0,1.0,1.0,,,,1.0,,,1.0,,,,,,,
Varela,FLA,Lateral,5.0,0.0,0,,,,,,,,,,,,,,,,,,,,
Viña,FLA,Lateral,8.0,0.0,0,,,,,,,,,,,,,,,,,,,,
Matheus Gonçalves,FLA,Meia,4.39,3.2,1,,1.0,,,1.0,,,,,,,,1.0,,,,,,,
Allan,FLA,Meia,3.47,0.0,1,,,,,,,,,,,,,,,,,,,,
Lautaro Díaz,CRU,Atacante,4.79,0.6,2,,,,,,,,,,,,,1.0,,,,,,,
Dyogo Alves,FLA,Goleiro,3.0,0.0,0,,,,,,,,,,,,,,,,,,,,
Evertton Araújo,FLA,Meia,3.34,0.0,1,,,,,,,,,,,,,,,,,,,,
Daniel Sales,FLA,Lateral,2.0,0.0,0,,,,,,,,,,,,,,,,,,,,
Iago,FLA,Zagueiro,2.0,0.0,0,,,,,,,,,,,,,,,,,,,,
Guilherme Gomes,FLA,Meia,2.0,0.0,0,,,,,,,,,,,,,,,,,,,,
Carbone,FLA,Lateral,2.0,0.0,0,,,,,,,,,,,,,,,,,,,,
Thiago Santos,FLU,Zagueiro,6.38,5.5,1,,,,,1.0,,1.0,,,,,,,,,,,,,
Renê,FLU,Lateral,7.27,4.7,3,,6.0,3.0,,2.0,,1.0,,,,,,,,,,,,,
Samuel Xavier,FLU,Lateral,11.91,9.4,2,,3.0,3.0,,2.0,,1.0,,,,,,1.0,,,,1.0,,,
Wallace Yan,FLA,Atacante,3.5,3.0,1,,,,2.0,3.0,1.0,,,,,,,,,,,,,,
Lorran,FLA,Meia,3.0,0.0,0,,,,,,,,,,,,,,,,,,,,
Lima,FLU,Meia,6.88,4.83,3,,1.0,1.0,2.0,5.0,,,,,,,,1.0,,,,1.0,,,
Marcelo Pitaluga,FLU,Goleiro,3.0,0.0,0,,,,,,,,,,,,,,,,,,,,
Vitor Eudes,FLU,Goleiro,2.0,0.0,0,,,,,,,,,,,,,,,,,,,,
Rayan Lucas,FLA,Meia,2.0,0.0,0,,,,,,,,,,,,,,,,,,,,
Shola,FLA,Atacante,1.0,0.0,0,,,,,,,,,,,,,,,,,,,,
Guga,FLU,Lateral,7.25,4.25,2,,5.0,1.0,1.0,1.0,,,,,,,,,,,,,,,
Martinelli,FLU,Meia,8.23,5.6,3,,3.0,2.0,1.0,6.0,1.0,,,,,,,1.0,,,,1.0,,,
Freytes,FLU,Zagueiro,4.0,2.13,3,,,1.0,,1.0,,1.0,,,,,,1.0,,,,,,,
Nonato,FLU,Meia,6.0,0.0,0,,,,,,,,,,,,,,,,,,,,
Otávio,FLU,Meia,7.0,0.0,0,,,,,,,,,,,,,,,,,,,,
Ganso,FLU,Meia,9.25,0.65,2,,,,1.0,1.0,,,,,,,,,,,,,,,
Hércules,FLU,Meia,6.9,3.2,3,1.0,5.0,4.0,1.0,1.0,,,,,,,,,,,1.0,,,,
Keno,FLU,Atacante,6.81,2.6,3,,1.0,2.0,4.0,5.0,,,,,,,,1.0,,,,,,,
João Victor,FLA,Zagueiro,2.0,0.0,0,,,,,,,,,,,,,,,,,,,,
Bernal,FLU,Meia,4.08,0.7,2,1.0,1.0,3.0,1.0,2.0,,,,,,,,,,,,,,,
Ignácio,FLU,Zagueiro,6.0,0.0,0,,,,,,,,,,,,,,,,,,,,
Renato Augusto,FLU,Meia,7.0,0.0,0,,,,,,,,,,,,,,,,,,,,
Ronaldo,INT,Meia,4.34,2.1,3,,4.0,3.0,,,,,,,,,,1.0,,,,,,,
Titi,FOR,Zagueiro,5.88,5.45,2,,4.0,2.0,,1.0,,1.0,,,,,,,,,,,,,
Lucas Sasha,FOR,Meia,6.96,6.97,3,,14.0,7.0,,4.0,,,,,,,,,,,,,,,
Gabriel Fuentes,FLU,Lateral,6.0,0.0,0,,,,,,,,,,,,,,,,,,,,
Marinho,FOR,Atacante,7.78,3.3,2,,,3.0,1.0,4.0,3.0,,,,1.0,,,,,,,,,,
Lavega,FLU,Atacante,3.45,0.5,1,,,,,1.0,,,,,,,,,,,,,,,
David Luiz,FOR,Zagueiro,9.3,4.73,3,1.0,3.0,2.0,1.0,1.0,,2.0,,,,,,,,,,,,,
Diogo Barbosa,FOR,Lateral,7.96,8.7,1,,2.0,1.0,,2.0,,1.0,,,,,,,,,,,,,
Paulo Baya,FLU,Atacante,4.0,0.0,0,,,,,,,,,,,,,,,,,,,,
Yago Pikachu,FOR,Meia,6.75,3.3,3,,5.0,1.0,1.0,2.0,3.0,,,,,,,1.0,,,,,,,
Pol Fernández,FOR,Meia,6.88,2.15,2,1.0,1.0,4.0,,,,,,,1.0,,,,,,,,,,
José Welison,FOR,Meia,4.13,0.67,3,,1.0,,,1.0,,,,,,,,,,,,,,,
Bruno Pacheco,FOR,Lateral,7.57,2.5,1,,1.0,,,2.0,,,,,,,,,,,,,,,
Kuscevic,FOR,Zagueiro,7.37,4.83,3,,4.0,5.0,,,,2.0,,,,,,,,,,,,,
Tinga,FOR,Lateral,9.99,14.5,1,,1.0,,,,,1.0,,,,,,,,,,1.0,,,
Pedro Augusto,FOR,Meia,3.0,0.0,0,,,,,,,,,,,,,,,,,,,,
Renato Kayzer,VIT,Atacante,4.0,0.0,0,,,,,,,,,,,,,,,,,,,,
Brítez,FOR,Zagueiro,7.0,0.0,0,,,,,,,,,,,,,,,,,,,,
Serna,FLU,Atacante,5.9,0.5,1,,,,,1.0,,,,,,,,,,,,,,,
Brenno,FOR,Goleiro,3.71,-3.0,0,,,,,,,,1.0,,,,,,,,,,,,
Emmanuel Martínez,FOR,Meia,6.34,4.67,3,2.0,5.0,4.0,,1.0,,,,,,,,1.0,,,,1.0,,,
Lucero,FOR,Atacante,9.88,3.57,3,,2.0,1.0,,,,,,,,,,,,,,1.0,,,
Tiquinho Soares,SAN,Atacante,9.81,3.3,3,,2.0,3.0,2.0,,,,,,1.0,,,1.0,,,,,,,
Riquelme Felipe,FLU,Atacante,5.0,0.0,0,,,,,,,,,,,,,,,,,,,,
João Victor,MIR,Zagueiro,1.8,0.77,3,1.0,2.0,2.0,,2.0,1.0,,,,,,,,,,,,,,
Lezcano,FLU,Meia,5.61,2.0,1,,1.0,,,1.0,,,,,,,,,,,,,,,
Felipe Jonatan,FOR,Lateral,6.0,0.0,0,,,,,,,,,,,,,,,,,,,,
Mancuso,FOR,Lateral,8.92,6.6,2,1.0,5.0,2.0,1.0,3.0,,1.0,,,,,,,,,,,,,
Borrero,FOR,Atacante,5.0,0.0,0,,,,,,,,,,,,,,,,,,,,
Breno Lopes,FOR,Atacante,6.0,0.0,0,,,,,,,,,,,,,,,,,,,,
Calebe,FOR,Meia,5.41,2.9,1,1.0,1.0,2.0,1.0,2.0,,,,,,,,1.0,,,,,,,
Magrão,FOR,Goleiro,2.0,0.0,0,,,,,,,,,,,,,,,,,,,,
Matheus Rossetto,FOR,Meia,4.89,1.5,1,,1.0,,,,,,,,,,,,,,,,,,
Gastón Ávila,FOR,Zagueiro,7.0,0.0,0,,,,,,,,,,,,,,,,,,,,
José Aldo,MIR,Meia,3.47,2.4,3,,4.0,4.0,1.0,1.0,1.0,,,,,,,1.0,,,,,,,
Edenílson,GRE,Meia,5.78,2.47,3,1.0,,3.0,1.0,1.0,,,,,,,,,,,,1.0,,,
Cuéllar,GRE,Meia,6.0,0.0,0,,,,,,,,,,,,,,,,,,,,
Gustavo Quinteros,GRE,Técnico,7.12,3.54,3,,,,,,,,,,,,,,,1.0,,,,,
Marcelo Lomba,PAL,Goleiro,7.0,0.0,0,,,,,,,,,,,,,,,,,,,,
Marcos Rocha,PAL,Lateral,7.0,0.0,0,,,,,,,,,,,,,,,,,,,,
Kervin Andrade,FOR,Meia,4.0,0.0,0,,,,,,,,,,,,,,,,,,,,
João Pedro,GRE,Lateral,6.3,2.05,2,,3.0,1.0,,,1.0,,,,,,,,,,,,,,
Negueba,MIR,Atacante,3.0,0.0,0,,,,,,,,,,,,,,,,,,,,
Adriel,GRE,Goleiro,3.0,0.0,0,,,,,,,,,,,,,,,,,,,,
Mayke,PAL,Lateral,9.38,8.1,1,1.0,3.0,3.0,,1.0,,1.0,,,,,,,,,,,,,
Felipe Anderson,PAL,Meia,7.35,2.57,3,,3.0,2.0,1.0,,,,,,,,,,,,1.0,,,,
Davó,MIR,Atacante,4.46,4.3,2,,1.0,,2.0,1.0,,,,,1.0,,,,,,,,,,
Jemerson,GRE,Zagueiro,4.28,0.63,3,1.0,3.0,7.0,,1.0,,,,,,,,,,,,,,,
Nathan,GRE,Meia,4.0,0.0,0,,,,,,,,,,,,,,,,,,,,
Roni,MIR,Meia,2.79,0.5,1,1.0,1.0,,,,,,,,,,,,,,,,,,
Dodi,GRE,Meia,4.66,3.2,1,,2.0,1.0,,1.0,,,,,,,,,,,,,,,
Pavón,GRE,Atacante,5.88,2.0,3,1.0,2.0,1.0,2.0,3.0,,,,,,,,1.0,,,,,,,
Gustavo Gómez,PAL,Zagueiro,11.28,4.7,1,1.0,,1.0,,,2.0,1.0,,,,,,1.0,,,,,,,
Cristaldo,GRE,Meia,9.29,3.4,2,,2.0,,2.0,2.0,,,,,,,,1.0,,,,,,,
Bruno Fuchs,PAL,Zagueiro,6.39,3.27,3,2.0,2.0,4.0,,,,2.0,,,,,,,,,,,,,
Lucas Esteves,GRE,Lateral,5.46,1.3,3,,3.0,3.0,1.0,1.0,,,,,,,,,,,,,1.0,,
Vanderlan,PAL,Lateral,3.77,1.2,1,,1.0,1.0,,,,,,,,,,,,,,,,,
Kannemann,GRE,Zagueiro,5.0,0.0,0,,,,,,,,,,,,,,,,,,,,
Bruno Rodrigues,PAL,Atacante,6.0,0.0,0,,,,,,,,,,,,,,,,,,,,
Rodrigo Ely,GRE,Zagueiro,4.75,0.6,2,,1.0,1.0,,,,,,,,,,,,,,,,,
Facundo Torres,PAL,Atacante,11.84,5.27,3,1.0,5.0,3.0,,2.0,,,,,1.0,,,1.0,,,1.0,,,,
Camilo,GRE,Meia,4.42,2.53,3,,5.0,5.0,2.0,,,,,,,,,,,,,,,,
Arezo,GRE,Atacante,5.89,5.45,2,1.0,,1.0,1.0,,2.0,,,,,,,3.0,,,,1.0,,,
Emiliano Martínez,PAL,Meia,5.83,4.63,3,1.0,4.0,3.0,1.0,2.0,,,,,,,,,,,,1.0,,,
Abel Ferreira,PAL,Técnico,13.23,6.98,3,,,,,,,,,,,,,,,2.0,,,,,
Iury Castilho,MIR,Atacante,4.52,1.1,3,1.0,,2.0,1.0,9.0,4.0,,,,,,,,,,,,,,
Giay,PAL,Lateral,7.61,6.3,3,,5.0,2.0,,4.0,,2.0,,,,,,,,,,,,,
João Lucas,GRE,Lateral,5.14,3.0,1,,2.0,,,,,,,,,,,,,,,,,,
Estêvão,PAL,Atacante,12.44,1.6,3,1.0,,6.0,4.0,9.0,1.0,,,,,,,,,,,,,,
Aníbal Moreno,PAL,Meia,5.52,1.95,2,,2.0,1.0,,,,,,,,,,1.0,,,,,,,
Gabriel,RBB,Meia,5.77,3.9,3,,8.0,6.0,,3.0,,,,,,,,,,,,,,,
Naves,PAL,Zagueiro,4.0,0.0,0,,,,,,,,,,,,,,,,,,,,
Mateus,PAL,Goleiro,2.0,0.0,0,,,,,,,,,,,,,,,,,,,,
Mayk,GRE,Lateral,2.0,0.0,0,,,,,,,,,,,,,,,,,,,,
Eduardo Sasha,RBB,Atacante,8.89,4.27,3,,,1.0,,3.0,,,,,,,,3.0,,,,1.0,,,
Pedro Henrique,RBB,Zagueiro,8.9,6.13,3,,8.0,3.0,1.0,3.0,,1.0,,,,,,,,,,,,,
Luan Cândido,GRE,Lateral,7.0,0.0,0,,,,,,,,,,,,,,,,,,,,
Flaco López,PAL,Atacante,8.27,4.27,3,,2.0,7.0,1.0,2.0,1.0,,,,,,,1.0,1.0,,,1.0,,,
Natã,JUV,Zagueiro,2.0,0.0,0,,,,,,,,,,,,,,,,,,,,
Cristian Olivera,GRE,Atacante,6.18,1.3,1,1.0,2.0,4.0,,1.0,,,,,,,,,,,,,,,
Cleiton,RBB,Goleiro,6.72,3.9,3,1.0,,,,,,1.0,,,,9.0,4.0,,,,,,,,
Matheus Fernandes,RBB,Meia,5.05,1.5,2,1.0,3.0,5.0,,2.0,,,,,,,,,,,,,,,
Laquintana,RBB,Atacante,4.5,5.45,2,,1.0,,2.0,,2.0,,,,,,,,,,,1.0,,,
Allan,PAL,Meia,2.0,0.0,0,,,,,,,,,,,,,,,,,,,,
Maurício,PAL,Meia,14.0,0.0,0,,,,,,,,,,,,,,,,,,,,
Eric Ramires,RBB,Meia,6.06,3.8,3,,2.0,2.0,,2.0,,,,,,,,,,,,1.0,,,
Gustavo Martins,GRE,Zagueiro,5.0,0.0,0,,,,,,,,,,,,,,,,,,,,
Thalys,PAL,Atacante,1.0,0.0,0,,,,,,,,,,,,,,,,,,,,
Fernando,INT,Meia,7.1,2.7,2,,3.0,1.0,,,,,,,,,,1.0,,,,,,,
Aravena,GRE,Atacante,2.68,0.5,1,,,,,1.0,,,,,,,,,,,,,,,
Mercado,INT,Zagueiro,6.0,0.0,0,,,,,,,,,,,,,,,,,,,,
Monsalve,GRE,Meia,4.31,-0.2,2,,,3.0,,1.0,,,,,,,,,,,,,,,
Rogel,INT,Zagueiro,7.41,6.45,2,,2.0,2.0,,1.0,,2.0,,,,,,,,,,,,,
Fernando,RBB,Atacante,5.0,0.0,0,,,,,,,,,,,,,,,,,,,,
Gabriel Bontempo,SAN,Meia,5.38,4.87,3,,7.0,,2.0,5.0,,,,,,,,,,,,,,,
Bruno Henrique,INT,Meia,7.96,5.35,2,,3.0,6.0,,,,,,,,,,,,,,1.0,,,
Gabriel Grando,GRE,Goleiro,5.0,0.0,0,,,,,,,,,,,,,,,,,,,,
Ronald,GRE,Meia,3.0,0.0,0,,,,,,,,,,,,,,,,,,,,
Richard Ríos,PAL,Meia,10.61,5.8,2,1.0,3.0,4.0,1.0,7.0,,,,,1.0,,,,,,,,,,
Praxedes,RBB,Meia,5.0,0.0,0,,,,,,,,,,,,,,,,,,,,
Roger Machado,INT,Técnico,10.57,6.45,3,,,,,,,,,,,,,,,1.0,,,,,
Vitinho,INT,Atacante,5.61,1.67,3,2.0,4.0,7.0,2.0,3.0,,,,,,,,,,,,,,,
Isidro Pitta,RBB,Atacante,8.12,3.65,2,1.0,,3.0,,,,,,,,,,1.0,,,,1.0,,,
Andrés Hurtado,RBB,Lateral,5.54,4.13,3,,4.0,4.0,2.0,2.0,,1.0,,,,,,,,,,,,,
Fabrício,RBB,Goleiro,2.0,0.0,0,,,,,,,,,,,,,,,,,,,,
Rochet,INT,Goleiro,9.26,3.1,1,,,,,1.0,,,,,,2.0,,,,,,,,,
Lucas Barbosa,RBB,Atacante,7.47,4.0,3,,2.0,6.0,3.0,2.0,,,,,1.0,,,2.0,,,,,,,
Ramon,INT,Lateral,6.45,5.7,1,1.0,1.0,1.0,,1.0,,1.0,,,,,,,,,,,,,
Jadson,JUV,Meia,6.01,3.2,3,1.0,6.0,4.0,1.0,4.0,,,,,,,,,,,,,,,
Lucão,RBB,Goleiro,3.0,0.0,0,,,,,,,,,,,,,,,,,,,,
Jhon Jhon,RBB,Meia,7.35,4.07,3,1.0,2.0,1.0,1.0,7.0,,,,,1.0,,,1.0,,,,,,,
Bruno Tabata,INT,Meia,5.82,4.0,1,,1.0,,1.0,1.0,,,,,,,,1.0,,,,,,,
Eduardo Santos,RBB,Zagueiro,6.75,6.5,1,,1.0,,,,,1.0,,,,,,,,,,,,,
Aguirre,INT,Lateral,7.31,5.93,3,,6.0,4.0,,,,2.0,,,,,,,,,,,,,
Nathan,INT,Lateral,3.0,0.0,0,,,,,,,,,,,,,,,,,,,,
Thiago Borbas,RBB,Atacante,2.35,-0.3,1,,,1.0,,,,,,,,,,,,,,,,,
Guzmán Rodríguez,RBB,Zagueiro,6.03,3.4,3,,3.0,1.0,,2.0,,1.0,,,,,,,,,,,,,
Bruno Gomes,INT,Lateral,6.0,0.0,0,,,,,,,,,,,,,,,,,,,,
Guilherme Lopes,RBB,Lateral,5.65,8.2,1,,2.0,1.0,,1.0,,1.0,,,,,,,,,,,,,
Henry Mosquera,RBB,Atacante,3.82,1.93,3,,2.0,2.0,,2.0,,,,,,,,2.0,,,,,,,
Douglas Mendes,RBB,Zagueiro,4.0,0.0,0,,,,,,,,,,,,,,,,,,,,
Vinicinho,RBB,Atacante,6.43,4.0,3,,5.0,2.0,1.0,4.0,1.0,,,,,,,2.0,,,,,,,
Kaíque Rocha,INT,Zagueiro,5.0,0.0,0,,,,,,,,,,,,,,,,,,,,
Anthoni,INT,Goleiro,5.71,4.73,3,,,,,,,2.0,,,,4.0,1.0,,,,,,,,
Gustavinho,RBB,Meia,3.17,0.45,2,,1.0,2.0,,,,,,,,,,,,,,,,,
Clayton Sampaio,INT,Zagueiro,3.0,0.0,0,,,,,,,,,,,,,,,,,,,,
Carbonero,INT,Atacante,4.57,1.93,3,,1.0,4.0,2.0,8.0,1.0,,,,,,,,,,,,,,
Gil,SAN,Zagueiro,4.61,0.23,3,1.0,2.0,6.0,,1.0,,,,,,,,,,,,,,,
Nathan Mendes,RBB,Lateral,4.0,0.0,0,,,,,,,,,,,,,,,,,,,,
Fernando Seabra,RBB,Técnico,7.66,6.26,3,,,,,,,,,,,,,,,1.0,,,,,
Alan Ruschel,JUV,Lateral,6.58,5.55,2,,4.0,1.0,,1.0,1.0,1.0,,,,,,,,,,,,,
Ricardo Mathias,INT,Atacante,3.0,0.0,0,,,,,,,,,,,,,,,,,,,,
Thaciano,SAN,Meia,6.42,3.6,3,,1.0,,1.0,1.0,,,,,,,,,,,,1.0,,,
Rincón,SAN,Meia,5.0,0.0,0,,,,,,,,,,,,,,,,,,,,
João Schmidt,SAN,Meia,5.32,2.03,3,1.0,5.0,9.0,1.0,3.0,,,,,,,,,,,,,,,
João Paulo,SAN,Goleiro,6.19,-1.0,0,1.0,,,,,,,,,,,,,,,,,,,
Victor Gabriel,INT,Zagueiro,4.0,0.0,0,,,,,,,,,,,,,,,,,,,,
Julio Furch,SAN,Atacante,4.0,0.0,0,,,,,,,,,,,,,,,,,,,,
Zé Ivaldo,SAN,Zagueiro,5.39,2.77,3,1.0,6.0,4.0,2.0,,1.0,,,,,,,,,,,,,,
Lucca,INT,Atacante,3.0,0.0,0,,,,,,,,,,,,,,,,,,,,
Wilker Ángel,JUV,Zagueiro,4.22,-0.3,1,,,1.0,,,,,,,,,,,,,,,,,
Luan Peres,SAN,Zagueiro,6.0,0.0,0,,,,,,,,,,,,,,,,,,,,
Jean Carlos,JUV,Meia,5.76,1.5,1,,,,2.0,,1.0,,,,,,,,,,,,,,
Rodrigo Sam,JUV,Zagueiro,4.0,0.0,0,,,,,,,,,,,,,,,,,,,,
Gabriel Taliari,JUV,Atacante,9.0,8.43,3,,2.0,6.0,2.0,5.0,2.0,,,,,,,1.0,,,1.0,2.0,,,
Caíque,JUV,Meia,4.0,0.0,0,,,,,,,,,,,,,,,,,,,,
Diego Pituca,SAN,Meia,5.36,2.77,3,1.0,,,1.0,1.0,,,,,,,,,,,,1.0,,,
Escobar,SAN,Lateral,8.84,8.57,3,,16.0,6.0,,7.0,,,,,,,,,,,,,,,
Gabriel Brazão,SAN,Goleiro,4.24,1.37,3,,,,,,,,,,,7.0,5.0,,,,,,,,
Adriano Martins,JUV,Zagueiro,6.69,3.67,3,1.0,4.0,2.0,2.0,,,1.0,,,,,,,,,,,,,
Sant'Anna,RBB,Lateral,4.0,0.0,0,,,,,,,,,,,,,,,,,,,,
Aderlan,SAN,Lateral,5.0,0.0,0,,,,,,,,,,,,,,,,,,,,
Luis Mandaca,JUV,Meia,6.99,6.03,3,,4.0,5.0,2.0,8.0,,,,,,,,,,,,1.0,,,
Batalla,JUV,Atacante,5.64,2.67,3,2.0,,6.0,3.0,4.0,,,,,1.0,,,2.0,,,,,,,
Walter,MIR,Goleiro,6.0,0.0,0,,,,,,,,,,,,,,,,,,,,
Leo Godoy,SAN,Lateral,4.06,1.6,1,1.0,2.0,3.0,,1.0,,,,,,,,,,,,,,,
Fábio Matias,JUV,Técnico,6.35,5.85,3,,,,,,,,,,,,,,,2.0,,,,,
Gabriel Veron,SAN,Atacante,4.62,1.03,3,,2.0,1.0,,1.0,1.0,,,,,,,,,,,,,,
Reginaldo,JUV,Lateral,3.68,2.5,2,,,,,,,1.0,,,,,,,,,,,,,
Barreal,SAN,Meia,7.94,6.6,2,,2.0,,1.0,3.0,1.0,,,,,,,,,,,1.0,,,
Abner,JUV,Zagueiro,6.54,5.8,3,,4.0,1.0,1.0,2.0,1.0,1.0,,,1.0,,,,,,,,,,
João Basso,SAN,Zagueiro,5.0,0.0,0,,,,,,,,,,,,,,,,,,,,
Diógenes,SAN,Goleiro,2.0,0.0,0,,,,,,,,,,,,,,,,,,,,
Dudu Vieira,JUV,Meia,3.0,0.0,0,,,,,,,,,,,,,,,,,,,,
Gustavo,JUV,Goleiro,3.58,0.3,1,,,,,,,,,,,1.0,1.0,,,,,,,,
Miguelito,SAN,Meia,3.0,0.0,0,,,,,,,,,,,,,,,,,,,,
Kevyson,SAN,Lateral,2.0,0.0,0,,,,,,,,,,,,,,,,,,,,
Santiago Arias,BAH,Lateral,7.38,1.2,1,,,,,,,,,,,,,1.0,,,,,,,
Luisão,SAN,Zagueiro,4.0,0.0,0,,,,,,,,,,,,,,,,,,,,
Deivid Washington,SAN,Atacante,4.01,0.37,3,,,1.0,,3.0,1.0,,,,,,,,,,,,,,
Davi Góes,JUV,Meia,2.6,0.0,1,,,,,,,,,,,,,,,,,,,,
Marcos Paulo,JUV,Lateral,2.0,0.0,0,,,,,,,,,,,,,,,,,,,,
Cipriano,JUV,Zagueiro,4.0,0.0,0,,,,,,,,,,,,,,,,,,,,
JP Chermont,SAN,Lateral,5.49,3.6,2,2.0,7.0,8.0,1.0,1.0,2.0,,,,,,,,,,,,,,
Rollheiser,SAN,Meia,8.57,1.83,3,,3.0,,,2.0,,,,,,,,,,,,,,,
Everton Ribeiro,BAH,Meia,8.12,0.15,2,,2.0,4.0,,3.0,,,1.0,,,,,,,,,,,,
Ewerthon,JUV,Lateral,6.7,4.47,3,1.0,4.0,3.0,2.0,3.0,,1.0,,,,,,1.0,,,,,,,
Petterson,JUV,Atacante,2.46,1.95,2,,1.0,,3.0,,,,,,,,,,,,,,,,
Savarino,BOT,Meia,10.09,2.73,3,,1.0,1.0,3.0,2.0,,,,,,,,3.0,,,,,,,
Gabriel,MIR,Meia,7.4,6.55,2,,2.0,,,2.0,1.0,,,,,,,1.0,,,,1.0,,,
Rogério Ceni,BAH,Técnico,8.19,4.61,3,,,,,,,,,,,,,,,,,,,,
Ênio,JUV,Atacante,3.69,2.55,2,1.0,1.0,1.0,,5.0,,,,,,,,2.0,,,,,,,
Gustavo Scarpa,CAM,Meia,13.86,4.37,3,,1.0,1.0,4.0,5.0,,,,,1.0,,,1.0,,,,,,,
Cuca,CAM,Técnico,9.85,5.1,3,,,,,,,,,,,,,,,,,,,,
Daniel Borges,MIR,Lateral,1.78,0.55,2,,1.0,3.0,,1.0,,,,,,,,,,,,,,,
Danilo Boza,JUV,Zagueiro,4.0,0.0,0,,,,,,,,,,,,,,,,,,,,
William,CRU,Lateral,16.66,13.4,2,,10.0,4.0,2.0,3.0,1.0,,,,2.0,,,,,,,,,,
Yuri Alberto,COR,Atacante,13.24,5.23,3,1.0,,3.0,1.0,3.0,1.0,,,,1.0,,,2.0,,,,1.0,,,
Igor Jesus,BOT,Atacante,13.66,7.97,3,,1.0,4.0,4.0,7.0,1.0,,,,,,,5.0,,,1.0,1.0,,,
Fabrício Bruno,CRU,Zagueiro,8.38,2.1,3,1.0,5.0,4.0,,2.0,,,,,,,,,,,,,,,
Gabriel,CRU,Atacante,8.38,4.85,2,,,1.0,2.0,1.0,1.0,,,,,,,,,,,1.0,,,
Everson,CAM,Goleiro,10.12,4.23,3,,,,,,,1.0,,,,9.0,4.0,,,,,,,,
Alex Muralha,MIR,Goleiro,1.69,-0.03,3,,,,,,,,,,,3.0,4.0,,,,,,,,
David Braz,MIR,Zagueiro,5.0,0.0,0,,,,,,,,,,,,,,,,,,,,
Léo Gamalho,MIR,Atacante,4.0,0.0,0,,,,,,,,,,,,,,,,,,,,
Thomazella,MIR,Goleiro,2.0,0.0,0,,,,,,,,,,,,,,,,,,,,
Hugo Souza,COR,Goleiro,12.0,0.0,0,,,,,,,,,,,,,,,,,,,,
Bruno Henrique,FLA,Atacante,8.0,4.63,3,,1.0,2.0,3.0,3.0,1.0,,,,,,,1.0,,,,1.0,,,
Thiago Silva,FLU,Zagueiro,11.19,2.67,3,,,1.0,2.0,1.0,,1.0,,,,,,1.0,,,,,,,
Fábio,FLU,Goleiro,11.27,3.7,3,,,,,,,1.0,,,,7.0,3.0,,,,,,,,
Lucas Ramon,MIR,Lateral,9.31,10.3,3,,10.0,3.0,1.0,6.0,,,,,1.0,,,,,,,1.0,,,
Pedro,FLA,Atacante,19.0,0.0,0,,,,,,,,,,,,,,,,,,,,
Moisés,FOR,Atacante,11.49,3.53,3,1.0,2.0,1.0,3.0,1.0,2.0,,,,1.0,,,1.0,,,,,,,
Clayson,MIR,Atacante,6.83,2.87,3,2.0,1.0,4.0,1.0,7.0,2.0,,,,1.0,,,1.0,,,,,,,
Nenê,JUV,Meia,4.53,1.0,1,,,,,2.0,,,,,,,,,,,,,,,
Neto Moura,MIR,Meia,3.7,0.83,3,,2.0,5.0,,2.0,,,,,,,,,,,,,,,
Arias,FLU,Meia,15.54,4.23,3,,2.0,3.0,2.0,8.0,,,,,1.0,,,,,,,,,,
Danielzinho,MIR,Meia,4.79,4.2,3,,3.0,4.0,2.0,5.0,,,,,,,,1.0,1.0,,1.0,,,,
Tiago Volpi,GRE,Goleiro,7.42,3.1,3,,,,,,,,,,,11.0,5.0,,,,,,,,
Danilo,FLA,Zagueiro,13.0,0.0,0,,,,,,,,,,,,,,,,,,,,
Filipe Luís,FLA,Técnico,11.84,6.07,3,,,,,,,,,,,,,,,2.0,,,,,
Villasanti,GRE,Meia,12.13,4.83,3,,10.0,6.0,1.0,1.0,,,,,,,,,,,,,,,
Alan Patrick,INT,Meia,15.42,5.1,2,1.0,1.0,1.0,1.0,,,,,,,,,1.0,,,,1.0,,,
Reinaldo,MIR,Lateral,4.74,-0.9,3,2.0,2.0,3.0,,,,,,1.0,,,,1.0,,,,,,,
João Ricardo,FOR,Goleiro,11.0,5.6,3,,,,,,,2.0,,,,6.0,1.0,,,,,,,,
Bernabéi,INT,Lateral,17.3,13.5,2,1.0,8.0,4.0,,2.0,,1.0,,,2.0,,,1.0,,,,,,,
Murilo,PAL,Zagueiro,7.71,1.15,2,2.0,,4.0,,1.0,,1.0,,,,,,,,,,,,,
Paulinho,PAL,Atacante,8.28,1.3,1,,,,1.0,1.0,,,,,,,,,,,,,,,
Luiz Otávio,MIR,Zagueiro,4.0,0.0,0,,,,,,,,,,,,,,,,,,,,
Chico Kim,MIR,Meia,5.34,5.9,1,,3.0,1.0,,1.0,,,,,,,,1.0,,,,,,,
Gilberto,JUV,Atacante,6.0,0.0,0,,,,,,,,,,,,,,,,,,,,
Matheus Sales,MIR,Meia,4.0,0.0,0,,,,,,,,,,,,,,,,,,,,
Rafa Silva,MIR,Atacante,4.0,0.0,0,,,,,,,,,,,,,,,,,,,,
Luighi,PAL,Atacante,4.0,0.0,0,,,,,,,,,,,,,,,,,,,,
